company,segment,website,who_pays,focus,scale_metric,reported_financials,fundraise_or_transaction,source
Creative Artists Agency (CAA Sports),Elite coach & athlete agent,caa.com,Coach/athlete commission (~3-4%),Power-conference football coaches + pro athletes,50+ FBS coaches; ~$18B sports contracts managed,"Sports revenue ~$578M (2024, S&P via Sportico)","Artemis (Pinault) majority stake 2023 at ~$7B valuation; TPG 2014 deal valued CAA at $1.1B; acquired ICM 2022 for $750M",sportico.com; pollstar.com; sportcal.com; espn.com
The Team (formerly Wasserman),Elite athlete agent,the.team,Athlete commission + marketing fees,Athletes (incl. women's sports) + music,~4,000 employees,Second-largest sports talent agency by revenue (behind CAA),"Founder exit Jul 2026; Providence Equity (majority owner since 2022) funding buyout; sale had been expected near $2B",sportico.com; hollywoodreporter.com
Athletes First,Elite athlete & coach agent,athletesfirst.net,Athlete/coach commission,NFL players + NFL/college coaches,450+ clients; $11B+ contracts negotiated,Not disclosed,"Dentsu bought 1/3 in 2015 at $50M valuation; Mastry Ventures + General Catalyst bought Dentsu out and took majority (value reported 'significantly more' than $50M)",sportico.com; frontofficesports.com; ocbj.com
Octagon,Elite athlete agent + sports marketing,octagon.com,Athlete commission + brand fees,Athletes; coaching branch; brand consulting,200+ brand deals/renewals in 2024,Not broken out (inside Omnicom),"Part of Interpublic; moved to Omnicom when it closed its IPG acquisition Nov 2025",yespress.io; everything-pr.com
Excel Sports Management,Elite athlete agent,excelsm.com,Athlete commission,Pro athletes,n/a,Not disclosed,Acquired by Goldman Sachs in 2025 (per Sportico),sportico.com
Kauffman Sports Management Group,Boutique coach agent,n/a,Coach commission,NBA and college basketball coaches,~40 years in basketball representation,Private - none reported,None reported,hoopdirt.com; sportsbusinessdaily.com
Coaches Inc.,Boutique coach agent,n/a,Coach commission,College coaches; dedicated women's basketball division,n/a,Private - none reported,None reported,frontofficesports.com
The BDS Agency,Boutique coach agent (closest comp),thebdsagency.com,Coach commission,College basketball coaches; prioritizes women's basketball,200+ D-I head coach extensions/renegotiations,Private - none reported,None reported,thebdsagency.com
Parker Executive Search,School-paid search firm,parkersearch.com,Institution flat fee,"AD, head & assistant coach searches",1750+ senior searches; database of 2500+ coaches/admins,"Fees $60K-$120K per football head-coach search (CBS Sports sample)",Private - none reported,parkersearch.com; cbssports.com
TurnkeyZRG,School-paid search firm,turnkeyzrg.com,Institution flat fee,"ADs, commissioners, head coaches all sports",200+ intercollegiate searches,Not disclosed,"Turnkey acquired by ZRG 2021; ZRG PE-backed (RFE Investment Partners since 2018; later secondary led by Timber Bay Partners)",turnkeyzrg.com; huntscanlon.com
Collegiate Sports Associates,School-paid search firm (NC-based),n/a,Institution flat fee,AD and coach searches,n/a,"Fees ~$50K-$75.5K on reported searches",Private - none reported,cbssports.com; abc17news.com
Eastman & Beaudine / College Sports Solutions,School-paid search firm,n/a,Institution flat fee,AD and coach searches,n/a,"Fees ~$25K-$85K on reported searches",Private - none reported,cbssports.com; abc17news.com
Opendorse,NIL platform (expansion comp),opendorse.com,Brand transaction fees + school SaaS,College athlete NIL marketplace,100K+ athletes; 35+ collectives,Not disclosed,"~$26M-$40M total raised (sources vary); $20M round Dec 2022 (Flyover Capital, Serra Ventures, Advantage Capital)",sportbusiness.com; profluence.com; caplight.com
WeCOACH,Nonprofit (partner not rival),wecoach.org,Memberships + philanthropy,Women coaches all sports and levels,18000+ women coaches in community,501(c)(3) - Form 990 on ProPublica,n/a,ncaa.org; recmanagement.com
